{
  "generated_at_utc": "20250922T044637Z",
  "T0": 3000000000000.0,
  "X0": 9e+24,
  "C_bajo": 0.07957747154594767,
  "C0_prime": 0.0,
  "C_R": 0.0,
  "VK_region_constant": 55.241,
  "B_VK": 10.0,
  "b_VK": 0.01,
  "x1": 10.0,
  "F_X0": 8338460035.754547,
  "C_alto": 1.662440874163648e+30,
  "C_empalme": 8338460035.754547,
  "C_tot": 1.662440874163648e+30,
  "epsilon": 1e-12,
  "grid_info": {
    "r": 1.05,
    "steps_used": 2000,
    "X_at_max": 2.151991984152374e+67,
    "sampled_points": 2001
  },
  "placeholders_warning": "B_VK, b_VK, C0_prime, C_R are placeholders in this run. Replace them with certified values from the kernel analysis and VK-instantiation."
}