{
  "zeros": {
    "count": 129481,
    "gamma_min": 14.134725141735,
    "gamma_max": 9.996851577763514e+69,
    "S1": 8.02483996844735,
    "C0_prime_upper": 16.702652987860336,
    "T0": 9.996851577763514e+69,
    "X0": 9.993704146783286e+139
  },
  "kernel": {
    "Cw_sup_h2": 5.995500610621828,
    "T_min": 1.4142135623730951,
    "I_tail": 2.6963823113396845,
    "K_eff": 29.28438896796951,
    "K_max_measured": 11.713755587187803,
    "C_R": 53.1984603124063
  },
  "VK": {
    "R": 55.241,
    "t0": 10.0,
    "BVK": 150.0,
    "BVK": 0.0037132734965429678,
    "x1": 1000000.0
  },
  "constants": {
    "C_bajo": 69.98069077181259,
    "C_alto": 1.1931148547688408e+88,
    "C_empalme": 1.3272172231984676e+67,
    "C_tot": 1.1931148547688408e+88
  }
}
